Agent,Avg_Total_Reward,Std_Total_Reward,Avg_Energy_Cost,Avg_Lateness_Penalty,Avg_Jobs_Completed,Avg_Jobs_Late,Avg_Throughput
PPO,1248.4098905710448,33.11666505437381,-184.26666666666645,5.9129018859167415,1386.2,24.1,0.962638888888889
Random,-570.2637656214572,179.2138770218637,-135.68333333333362,1263.6025460447086,949.1,772.4,0.6590972222222222
FIFO,1344.7874711108384,16.519626058088328,-176.36666666666656,2.2658622224945257,1382.3,12.9,0.9599305555555556
