Agent,Avg_Total_Reward,Std_Total_Reward,Avg_Energy_Cost,Avg_Lateness_Penalty,Avg_Jobs_Completed,Avg_Jobs_Late,Avg_Throughput
PPO,1413.0112486347819,32.705900982894626,1253.025,4.382375590815192,1275.2,19.9,0.8855555555555557
Random,-39.68474747863904,51.27246366719181,956.4,834.3890254265013,881.3,551.2,0.6120138888888889
